Bob Miller,bobmiller@example.com,+1-972-912-9963
Ivy Brown,ivybrown@yahoo.com,+1-206-158-2222
Hank Davis,hankdavis@gmail.com,+1-407-180-2607
Charlie Brown,charliebrown@example.com,+1-551-352-4656
Ivy Martinez,ivymartinez@yahoo.com,+1-119-203-7804
Grace Rodriguez,gracerodriguez@outlook.com,+1-774-836-3506
Bob Jones,bobjones@yahoo.com,+1-612-221-5938
Eve Smith,evesmith@gmail.com,+1-482-745-5905
Charlie Johnson,charliejohnson@example.com,+1-418-168-5304
Ivy Williams,ivywilliams@yahoo.com,+1-418-918-4039
